{
    "70": 1,
    "133": 1,
    "1787": 1,
    "382": 1,
    "1453": 1,
    "35": 2,
    "44": 1,
    "138": 1,
    "1144": 1,
    "1327": 1,
    "602": 1,
    "2158": 1,
    "137": 2,
    "474": 1,
    "649": 1,
    "399": 1,
    "178": 1,
    "1284": 1,
    "762": 1,
    "39": 1,
    "139": 1,
    "458": 1,
    "400": 1,
    "94": 1,
    "38": 2,
    "453": 1,
    "476": 1,
    "186": 1,
    "183": 1,
    "857": 1,
    "378": 1,
    "962": 1,
    "708": 1,
    "109": 1,
    "886": 1,
    "1277": 1,
    "789": 1,
    "765": 1,
    "2226": 1,
    "2104": 1,
    "211": 1,
    "264": 1,
    "2881": 1,
    "266": 1,
    "1163": 1,
    "1217": 1,
    "779": 1,
    "279": 1,
    "450": 1,
    "257": 2,
    "3465": 1,
    "272": 1,
    "15": 1,
    "177": 1,
    "281": 1,
    "313": 1,
    "684": 1,
    "493": 1,
    "1459": 1,
    "716": 1,
    "876": 1,
    "2070": 1,
    "51": 1,
    "628": 1,
    "1289": 1,
    "589": 1,
    "1934": 1,
    "248": 1,
    "300": 1,
    "856": 1,
    "1566": 1,
    "217": 1,
    "794": 1,
    "151": 1,
    "81": 1,
    "408": 1,
    "1761": 1,
    "549": 1,
    "403": 1,
    "496": 1,
    "110": 1,
    "688": 1,
    "2314": 1,
    "342": 1,
    "925": 1,
    "573": 1,
    "1510": 1,
    "1514": 1,
    "954": 1,
    "50": 1,
    "357": 1,
    "263": 1,
    "209": 1,
    "310": 1,
    "1023": 1,
    "1636": 1
}